{
	"info": {
		"_postman_id": "fe5471b4-897f-434e-9214-d8fe697c4949",
		"name": "WeatherApiData-Assignment",
		"schema": "https://schema.getpostman.com/json/collection/v2.1.0/collection.json"
	},
	"item": [
		{
			"name": "RetrieveData-Postcode",
			"event": [
				{
					"listen": "test",
					"script": {
						"id": "2851c35e-cddf-4080-869d-e7a852aab1d8",
						"exec": [
							"pm.test(\"Status Code Verified\", function () {\r",
							"    pm.response.to.have.status(200);\r",
							"});\r",
							"\r",
							"pm.test(\"Country Post Code AU-Verified\", function () {\r",
							"    pm.expect(pm.response.text(\"country_code\")).to.include(\"AU\");\r",
							"});\r",
							"pm.test(\"response must be valid and have a body\", function () {\r",
							"     pm.response.to.be.ok;\r",
							"     pm.response.to.be.withBody;\r",
							"     pm.response.to.be.json;\r",
							"});\r",
							""
						],
						"type": "text/javascript"
					}
				}
			],
			"request": {
				"method": "GET",
				"header": [],
				"url": {
					"raw": "http://api.weatherbit.io/v2.0/current?postal_code=2762&key=270b8a7e672c4922800ba25ecbe8adc7",
					"protocol": "http",
					"host": [
						"api",
						"weatherbit",
						"io"
					],
					"path": [
						"v2.0",
						"current"
					],
					"query": [
						{
							"key": "postal_code",
							"value": "2762"
						},
						{
							"key": "key",
							"value": "270b8a7e672c4922800ba25ecbe8adc7"
						}
					]
				}
			},
			"response": []
		},
		{
			"name": "RetrieveData_LatLon",
			"event": [
				{
					"listen": "test",
					"script": {
						"id": "2019aa27-7156-4753-83b2-c41a1e7210cb",
						"exec": [
							"pm.test(\"Status Code Verified\", function () {\r",
							"    pm.response.to.have.status(200);\r",
							"});\r",
							"\r",
							"\r",
							"pm.test(\"response must be valid and have a body\", function () {\r",
							"     pm.response.to.be.ok;\r",
							"     pm.response.to.be.withBody;\r",
							"     pm.response.to.be.json;\r",
							"});\r",
							"\r",
							"\r",
							"\r",
							""
						],
						"type": "text/javascript"
					}
				},
				{
					"listen": "prerequest",
					"script": {
						"id": "5f7c7677-c27e-4c53-9f5e-78b3247b9d7a",
						"exec": [
							""
						],
						"type": "text/javascript"
					}
				}
			],
			"protocolProfileBehavior": {
				"disableBodyPruning": true
			},
			"request": {
				"auth": {
					"type": "apikey",
					"apikey": [
						{
							"key": "value",
							"value": "",
							"type": "string"
						},
						{
							"key": "key",
							"value": "",
							"type": "string"
						}
					]
				},
				"method": "GET",
				"header": [],
				"body": {
					"mode": "raw",
					"raw": ""
				},
				"url": {
					"raw": "http://api.weatherbit.io/v2.0/current?key=270b8a7e672c4922800ba25ecbe8adc7&lat=38&lon=-78.5",
					"protocol": "http",
					"host": [
						"api",
						"weatherbit",
						"io"
					],
					"path": [
						"v2.0",
						"current"
					],
					"query": [
						{
							"key": "key",
							"value": "270b8a7e672c4922800ba25ecbe8adc7",
							"description": "API Key"
						},
						{
							"key": "lat",
							"value": "38",
							"description": "Latitude"
						},
						{
							"key": "lon",
							"value": "-78.5",
							"description": "Longitude"
						}
					]
				}
			},
			"response": []
		}
	],
	"protocolProfileBehavior": {}
}